Tool,Category,Link for descriptions
Merlin AI,AI Writing & Research,useandlike.com/merlin
Paperguide,AI Writing & Research,useandlike.com/paperguide
Rytr,AI Writing & Research,useandlike.com/rytr
SciSpace,AI Writing & Research,useandlike.com/scispace
Baremetrics,Business & Legal,useandlike.com/baremetrics
Beehiiv,Business & Legal,useandlike.com/beehiiv
Browse AI,Business & Legal,useandlike.com/browseai
Firstbase,Business & Legal,useandlike.com/firstbase
Nolo,Business & Legal,useandlike.com/nolo
Resume.io,Business & Legal,useandlike.com/resume
Scrupp,Business & Legal,useandlike.com/scrupp
signNow,Business & Legal,useandlike.com/signnow
pCloud,Cloud Storage,useandlike.com/pcloud
Proton Drive,Cloud Storage,useandlike.com/protondrive
Proton Mail,Email,useandlike.com/protonmail
StartMail,Email,useandlike.com/startmail
Fiverr,Freelancers,useandlike.com/fiverr
Fiverr Affiliates,Freelancers,useandlike.com/fiverraffiliates
Fiverr Logo Maker,Freelancers,useandlike.com/fiverrlogomaker
Fiverr Pro,Freelancers,useandlike.com/fiverrpro
Headway,Learning,useandlike.com/headway
Talkpal,Learning,useandlike.com/talkpal
TradingView,Money & Trading,useandlike.com/tradingview
Wise,Money & Trading,useandlike.com/wise
AutoDS,Online Stores & Funnels,useandlike.com/autods
ClickFunnels,Online Stores & Funnels,useandlike.com/clickfunnels
GoHighLevel,Online Stores & Funnels,useandlike.com/gohighlevel
Shopify,Online Stores & Funnels,useandlike.com/shopify
Systeme.io,Online Stores & Funnels,useandlike.com/systeme
Coda,Productivity & Design,useandlike.com/coda
Visme,Productivity & Design,useandlike.com/visme
xTiles,Productivity & Design,useandlike.com/xtiles
AmigoSIM,Shopping & Mobile,useandlike.com/amigosim
AT&T,Shopping & Mobile,useandlike.com/att
GamsGo,Shopping & Mobile,useandlike.com/gamsgo
Shein,Shopping & Mobile,useandlike.com/shein
GoLogin,VPN & Privacy,useandlike.com/gologin
Malwarebytes,VPN & Privacy,useandlike.com/malwarebytes
Proton Pass,VPN & Privacy,useandlike.com/protonpass
Proton VPN,VPN & Privacy,useandlike.com/protonvpn
AutoShorts,Video Creation,useandlike.com/autoshorts
CapCut,Video Creation,useandlike.com/capcut
Descript,Video Creation,useandlike.com/descript
InVideo,Video Creation,useandlike.com/invideo
Klap,Video Creation,useandlike.com/klap
Opus Clip,Video Creation,useandlike.com/opusclip
Riverside,Video Creation,useandlike.com/riverside
StreamYard,Video Creation,useandlike.com/streamyard
Syllaby,Video Creation,useandlike.com/syllaby
ElevenLabs,Voice & Audio,useandlike.com/elevenlabs
Epidemic Sound,Voice & Audio,useandlike.com/epidemicsound
Murf AI,Voice & Audio,useandlike.com/murf
TTSFree,Voice & Audio,useandlike.com/ttsfree
HostGator,Web Hosting,useandlike.com/hostgator
Hostinger,Web Hosting,useandlike.com/hostinger
IONOS,Web Hosting,useandlike.com/ionos
WebHostMost,Web Hosting,useandlike.com/webhostmost
Adalo,Website & App Builders,useandlike.com/adalo
Lovable,Website & App Builders,useandlike.com/lovable
Mixo,Website & App Builders,useandlike.com/mixo
Pikzels,YouTube Tools,useandlike.com/pikzels
TubeMagic,YouTube Tools,useandlike.com/tubemagic
vidIQ,YouTube Tools,useandlike.com/vidiq
